a	0	12	à
a	0	15	a
a	0	28	ai
a	0	44	avec
a	0	50	au
a	0	57	as
a	0	85	avez
a	0	87	alors
a	0	100	aussi
a	0	101	avoir
a	0	113	allez
a	0	115	autre
a	0	125	avait
a	0	126	accord
a	0	131	aller
a	0	139	avant
a	0	145	avais
a	0	148	après
a	0	149	aux
a	0	155	aime
a	0	164	ans
a	0	187	avons
a	0	188	aujourd'hui
a	0	192	autres
a	0	205	argent
a	0	210	arrive
a	0	216	aider
a	0	217	air
a	0	221	aurais
a	0	223	ah
a	0	230	attends
a	0	235	assez
a	0	249	appelle
a	0	254	arrête
a	0	266	aurait
a	0	273	ami
a	0	296	allons
a	0	299	amour
a	0	306	amis
a	0	315	aide
a	0	327	aucun
a	0	333	arrivé
a	0	336	avez-vous
a	0	339	aucune
a	0	350	attention
a	0	352	affaire
a	0	390	arrêter
a	0	393	attendez
a	0	404	aimerais
a	0	406	as-tu
a	0	412	aura
a	0	432	a-t-il
a	0	434	appeler
a	0	435	années
a	0	450	affaires
a	0	461	arriver
a	0	464	ait
a	0	465	appelé
a	0	486	attendre
a	0	505	ainsi
a	0	508	autant
a	0	519	arme
a	0	530	abord
a	0	549	agent
a	0	550	allait
a	0	553	adore
a	0	554	amie
a	0	556	allons-y
a	0	559	année
a	0	564	attend
a	0	584	arrêtez
a	0	610	aimes
a	0	620	avis
a	0	629	allais
a	0	641	allé
a	0	648	appris
a	0	708	an
a	0	714	aviez
a	0	715	appel
a	0	733	acheter
a	0	744	âge
a	0	748	apprendre
a	0	752	avaient
a	0	754	avocat
a	0	756	accident
a	0	762	armes
a	0	769	ailleurs
a	0	778	aurai
a	0	791	armée
a	0	796	anniversaire
a	0	799	agit
a	0	807	arrêté
a	0	813	absolument
a	0	821	avion
a	0	833	autour
a	0	872	allez-y
b	0	37	bien
b	0	93	bon
b	0	124	besoin
b	0	170	beaucoup
b	0	172	bonne
b	0	206	bonjour
b	0	341	bébé
b	0	402	belle
b	0	414	boulot
b	0	419	bureau
b	0	427	beau
b	0	478	ben
b	0	497	bientôt
b	0	535	bas
b	0	582	bizarre
b	0	656	bras
b	0	676	boire
b	0	680	bois
b	0	723	bonsoir
b	0	760	bout
b	0	772	bienvenue
b	0	793	battre
b	0	804	bouge
b	0	830	bateau
b	0	845	balle
b	0	938	bar
b	0	946	bonnes
b	0	948	but
b	0	961	boîte
b	0	966	bord
b	0	971	bons
b	0	1010	blanc
b	0	1049	bouche
b	0	1061	blague
b	0	1103	base
b	0	1114	blessé
b	0	1129	bière
b	0	1158	bruit
b	0	1179	bête
b	0	1181	bravo
b	0	1192	banque
b	0	1210	bande
b	0	1256	bombe
b	0	1379	bain
b	0	1429	bus
b	0	1460	beauté
b	0	1461	bu
b	0	1483	bonheur
b	0	1500	blanche
b	0	1564	bouger
b	0	1581	bleu
b	0	1648	bouteille
b	0	1652	bref
b	0	1688	balles
b	0	1729	bougez
b	0	1853	bal
b	0	1887	beaux
b	0	1890	bâtiment
b	0	1903	billets
b	0	1920	belles
b	0	1922	bataille
b	0	2044	battu
b	0	2069	bague
b	0	2113	blesser
b	0	2153	blancs
b	0	2262	brisé
b	0	2295	blessure
b	0	2319	bosse
b	0	2364	bosser
b	0	2370	bat
b	0	2372	bébés
b	0	2383	bye
b	0	2459	bel
b	0	2463	billet
b	0	2481	blessures
b	0	2541	barre
b	0	2601	big
b	0	2603	boutique
b	0	2693	bouton
b	0	2712	baisse
b	0	2728	brûler
b	0	2770	ballon
b	0	2795	boss
b	0	2804	brillant
b	0	2870	brûle
b	0	2875	bloc
b	0	2880	brûlé
b	0	2882	business
b	0	2928	black
b	0	2974	bouffe
b	0	2979	bibliothèque
b	0	3038	blessée
b	0	3053	briser
b	0	3081	bagages
b	0	3082	boule
b	0	3090	bleue
c	0	22	ça
c	0	25	ce
c	0	63	comme
c	0	79	cette
c	0	81	c'est
c	0	82	c'était
c	0	83	c'en
c	0	89	comment
c	0	92	chose
c	0	111	ces
c	0	147	crois
c	0	167	chez
c	0	185	ca
c	0	191	cela
c	0	201	choses
c	0	203	cet
c	0	264	chance
c	0	282	connais
c	0	283	combien
c	0	291	contre
c	0	292	coup
c	0	293	comprends
c	0	303	cas
c	0	318	chercher
c	0	323	car
c	0	331	chaque
c	0	345	compris
c	0	355	corps
c	0	370	côté
c	0	391	cause
c	0	394	chambre
c	0	399	compte
c	0	410	croire
c	0	416	chérie
c	0	425	celui
c	0	433	confiance
c	0	438	chef
c	0	481	capitaine
c	0	484	ceux
c	0	496	cours
c	0	501	cinq
c	0	526	choix
c	0	534	croyais
c	0	536	changer
c	0	561	commence
c	0	573	ceci
c	0	590	coeur
c	0	594	chien
c	0	598	café
c	0	599	calme
c	0	600	cherche
c	0	607	cœur
c	0	615	courant
c	0	628	comprendre
c	0	631	cool
c	0	639	changé
c	0	646	celle
c	0	652	commencé
c	0	654	chemin
c	0	670	chéri
c	0	696	commencer
c	0	713	carte
c	0	724	content
c	0	727	cher
c	0	732	continue
c	0	735	certains
c	0	749	cheveux
c	0	763	cru
c	0	780	connaissez
c	0	789	complètement
c	0	795	crime
c	0	805	contrôle
c	0	836	croyez
c	0	841	colère
c	0	842	clair
c	0	859	cadeau
c	0	893	camp
c	0	895	coin
c	0	906	continuer
c	0	917	club
c	0	922	chaud
c	0	933	connaître
c	0	936	connaît
c	0	937	conseil
c	0	955	classe
c	0	973	ciel
c	0	984	change
c	0	997	coucher
c	0	998	cuisine
c	0	1004	centre
c	0	1006	chacun
c	0	1007	chanson
c	0	1012	certain
c	0	1020	compagnie
c	0	1025	clé
c	0	1045	capable
d	0	1	de
d	0	30	des
d	0	33	dans
d	0	39	du
d	0	71	dit
d	0	83	dire
d	0	110	deux
d	0	128	dois
d	0	134	donc
d	0	145	d'accord
d	0	146	d'abord
d	0	147	d'ailleurs
d	0	148	d'habitude
d	0	149	d'après
d	0	150	d'un
d	0	150	dieu
d	0	151	d'une
d	0	152	d'autres
d	0	153	d'ici
d	0	154	d'avoir
d	0	155	d'être
d	0	156	d'aller
d	0	157	d'amour
d	0	162	doit
d	0	168	déjà
d	0	169	depuis
d	0	178	dis
d	0	184	désolé
d	0	237	dû
d	0	274	demain
d	0	302	désolée
d	0	314	devrais
d	0	316	dernière
d	0	317	demande
d	0	334	devrait
d	0	351	donner
d	0	357	donné
d	0	361	dont
d	0	385	demandé
d	0	387	devant
d	0	395	droit
d	0	400	dirait
d	0	408	donne
d	0	424	demander
d	0	430	dehors
d	0	431	docteur
d	0	452	devez
d	0	453	dessus
d	0	462	dur
d	0	471	dites
d	0	477	derrière
d	0	482	dernier
d	0	563	devoir
d	0	565	drôle
d	0	566	difficile
d	0	577	dollars
d	0	591	dès
d	0	611	devons
d	0	613	doute
d	0	650	dîner
d	0	688	devait
d	0	692	devenir
d	0	707	dormir
d	0	718	début
d	0	728	dis-moi
d	0	757	dix
d	0	764	déteste
d	0	773	disparu
d	0	786	devriez
d	0	790	dos
d	0	817	décidé
d	0	837	devais
d	0	868	disais
d	0	869	dedans
d	0	870	disent
d	0	888	doivent
d	0	905	devenu
d	0	912	doucement
d	0	916	disait
d	0	931	donne-moi
d	0	940	danger
d	0	941	dangereux
d	0	967	debout
d	0	986	droite
d	0	993	dossier
d	0	1005	dame
d	0	1013	don
d	0	1017	décision
d	0	1021	déjeuner
d	0	1022	différent
d	0	1040	diable
d	0	1085	drogue
d	0	1095	dirai
d	0	1100	dingue
d	0	1133	devient
d	0	1147	dommage
e	0	3	est
e	0	13	et
e	0	20	en
e	0	35	elle
e	0	56	était
e	0	65	être
e	0	70	est-ce
e	0	74	es
e	0	99	été
e	0	112	êtes
e	0	121	encore
e	0	137	étais
e	0	154	eu
e	0	218	entre
e	0	238	eh
e	0	258	enfants
e	0	268	elles
e	0	294	entendu
e	0	297	ensemble
e	0	329	eux
e	0	349	étaient
e	0	353	endroit
e	0	358	est-il
e	0	362	écoute
e	0	376	enfant
e	0	389	enfin
e	0	398	eau
e	0	403	espère
e	0	429	euh
e	0	437	école
e	0	457	équipe
e	0	469	essaie
e	0	472	exactement
e	0	490	envie
e	0	503	excusez-moi
e	0	511	essayé
e	0	517	essayer
e	0	527	êtes-vous
e	0	537	entendre
e	0	540	entrer
e	0	542	es-tu
e	0	544	étiez
e	0	547	ensuite
e	0	572	état
e	0	630	esprit
e	0	667	écrit
e	0	682	erreur
e	0	684	ecoute
e	0	699	entends
e	0	717	envoyé
e	0	721	écoutez
e	0	729	effet
e	0	860	expliquer
e	0	885	envoyer
e	0	887	espèce
e	0	915	exact
e	0	945	essaye
e	0	962	enquête
e	0	968	envoie
e	0	980	écouter
e	0	1002	entrez
e	0	1028	enfer
e	0	1039	étrange
e	0	1046	emmener
e	0	1047	écrire
e	0	1063	époque
e	0	1074	existe
e	0	1092	est-elle
e	0	1109	exemple
e	0	1132	ecoutez
e	0	1143	entrée
e	0	1161	enceinte
e	0	1167	excuse
e	0	1168	environ
e	0	1188	empêcher
e	0	1193	éviter
e	0	1194	étions
e	0	1198	expérience
e	0	1234	église
e	0	1238	ennuis
e	0	1246	espoir
e	0	1261	excuser
e	0	1311	essayez
e	0	1358	énergie
e	0	1367	espace
e	0	1378	envers
e	0	1384	ennemi
e	0	1388	énorme
e	0	1399	enlever
e	0	1402	épouser
e	0	1449	excuse-moi
e	0	1464	excellent
e	0	1470	étant
e	0	1492	emmène
e	0	1517	excuses
e	0	1543	entier
f	0	51	fait
f	0	58	faire
f	0	119	fais
f	0	127	faut
f	0	132	fois
f	0	160	femme
f	0	179	fille
f	0	229	fils
f	0	236	famille
f	0	251	faites
f	0	308	fini
f	0	325	frère
f	0	356	façon
f	0	409	fin
f	0	418	filles
f	0	439	femmes
f	0	444	feu
f	0	473	font
f	0	474	fort
f	0	483	fou
f	0	491	fête
f	0	529	film
f	0	532	faute
f	0	533	facile
f	0	546	fera
f	0	581	faisait
f	0	585	ferai
f	0	604	ferme
f	0	634	fous
f	0	662	face
f	0	674	ferais
f	0	709	faux
f	0	755	force
f	0	797	finir
f	0	820	fasse
f	0	832	faim
f	0	834	fond
f	0	864	ferait
f	0	894	fallait
f	0	925	fais-tu
f	0	932	flics
f	0	935	forme
f	0	942	folle
f	0	949	froid
f	0	977	faites-vous
f	0	1008	foutre
f	0	1016	flic
f	0	1031	faisais
f	0	1088	faisons
f	0	1110	fiche
f	0	1134	félicitations
f	0	1137	fut
f	0	1155	fbi
f	0	1184	fric
f	0	1222	faudra
f	0	1279	fenêtre
f	0	1321	fier
f	0	1346	frères
f	0	1363	faite
f	0	1387	finalement
f	0	1395	futur
f	0	1403	fleurs
f	0	1409	faits
f	0	1469	forte
f	0	1475	faudrait
f	0	1491	films
f	0	1521	fil
f	0	1544	foutu
f	0	1546	fermer
f	0	1559	frais
f	0	1565	frappé
f	0	1566	frapper
f	0	1578	faible
f	0	1582	failli
f	0	1612	français
f	0	1615	foi
f	0	1661	formidable
f	0	1698	forces
f	0	1699	fonctionne
f	0	1732	fout
f	0	1734	fermé
f	0	1742	falloir
f	0	1760	faveur
f	0	1766	fac
f	0	1798	folie
f	0	1815	frappe
f	0	1830	faisant
f	0	1834	france
f	0	1862	fais-le
f	0	1869	fesses
f	0	1871	fantôme
f	0	1875	franchement
f	0	1885	fantastique
f	0	1901	fatigué
f	0	1911	file
f	0	1927	fais-moi
g	0	181	gens
g	0	227	gars
g	0	270	grand
g	0	320	genre
g	0	413	gros
g	0	459	grande
g	0	463	guerre
g	0	468	garçon
g	0	493	génial
g	0	495	garde
g	0	548	garder
g	0	640	gentil
g	0	703	grave
g	0	711	groupe
g	0	738	gagner
g	0	739	grâce
g	0	743	général
g	0	846	gagné
g	0	863	gauche
g	0	901	grosse
g	0	953	gamin
g	0	987	gueule
g	0	1087	garçons
g	0	1094	gouvernement
g	0	1224	grands
g	0	1254	grand-mère
g	0	1317	glace
g	0	1389	grand-père
g	0	1391	gagne
g	0	1406	gosse
g	0	1587	gay
g	0	1600	goût
g	0	1674	gâteau
g	0	1684	gardes
g	0	1707	gentille
g	0	1724	gérer
g	0	1808	génie
g	0	1817	gosses
g	0	1850	grandes
g	0	1966	gaz
g	0	1995	grandi
g	0	2059	gardez
g	0	2078	genoux
g	0	2124	gardé
g	0	2174	gorge
g	0	2274	go
g	0	2316	gare
g	0	2331	garage
g	0	2345	gamins
g	0	2365	gouverneur
g	0	2409	gardien
g	0	2499	grand-chose
g	0	2523	geste
g	0	2525	gaffe
g	0	2618	géniale
g	0	2657	gloire
g	0	2658	gang
g	0	2874	gêne
g	0	2912	gâcher
g	0	3042	golf
g	0	3329	guérir
g	0	3336	géant
g	0	3371	grosses
g	0	3413	gordon
g	0	3548	garce
g	0	3563	gants
g	0	3605	gagnant
g	0	3615	grant
g	0	3618	guide
g	0	3705	gâché
g	0	3730	gratuit
g	0	3839	gus
g	0	3841	gibbs
g	0	3864	guitare
g	0	3879	gentils
g	0	3900	goûter
g	0	3902	grandir
g	0	3917	généreux
g	0	3946	groupes
g	0	3955	gère
g	0	3963	gamine
g	0	4110	génération
g	0	4150	girl
g	0	4233	green
g	0	4254	gênant
g	0	4375	gentleman
g	0	4401	gâteaux
g	0	4464	goutte
g	0	4662	guerrier
g	0	4692	gris
g	0	4706	gym
g	0	4947	genou
g	0	4964	grossesse
g	0	4996	générale
g	0	5050	grève
g	0	5101	gras
h	0	157	homme
h	0	261	hé
h	0	275	hein
h	0	290	heure
h	0	309	hommes
h	0	313	histoire
h	0	340	heures
h	0	421	hier
h	0	447	hey
h	0	539	heureux
h	0	622	hôpital
h	0	636	haut
h	0	706	honneur
h	0	808	hôtel
h	0	823	habitude
h	0	848	hors
h	0	853	heureuse
h	0	1048	honte
h	0	1122	héros
h	0	1145	horrible
h	0	1174	humain
h	0	1201	hum
h	0	1244	huit
h	0	1310	honnête
h	0	1342	ha
h	0	1364	histoires
h	0	1477	humains
h	0	1805	hasard
h	0	1899	habite
h	0	1902	heureusement
h	0	1994	humaine
h	0	2018	heu
h	0	2076	haute
h	0	2083	hâte
h	0	2266	humeur
h	0	2420	herbe
h	0	2521	honnêtement
h	0	2578	horreur
h	0	2589	hiver
h	0	2595	humanité
h	0	2654	hank
h	0	2668	hais
h	0	2677	ho
h	0	2836	haine
h	0	2924	howard
h	0	2997	hall
h	0	3292	huile
h	0	3389	humour
h	0	3479	harvey
h	0	3551	hauteur
h	0	3722	habiller
h	0	3745	habitants
h	0	3964	homicide
h	0	4076	habits
h	0	4081	héroïne
h	0	4091	héritage
h	0	4096	hitler
h	0	4141	holly
h	0	4181	halloween
h	0	4218	homer
h	0	4301	hill
h	0	4378	house
h	0	4390	habillé
h	0	4483	huh
h	0	4493	harris
h	0	4512	hélas
h	0	4612	hop
h	0	4627	horribles
h	0	4698	historique
h	0	4710	hélicoptère
h	0	4723	he
h	0	4809	hong
h	0	4816	harper
h	0	4913	hector
h	0	4929	homo
h	0	4962	heather
h	0	4997	hémorragie
h	0	5040	hello
h	0	5112	holmes
h	0	5167	horloge
h	0	5497	hôte
h	0	5595	han
h	0	5619	harvard
h	0	5678	hope
h	0	5771	habitué
h	0	5785	habillée
h	0	5806	haley
h	0	5812	happy
h	0	5838	habitudes
h	0	5893	hurler
h	0	5918	hommage
h	0	5933	habituer
h	0	5947	harrison
h	0	5953	hélico
h	0	5957	hockey
h	0	6011	houston
i	0	14	il
i	0	59	ils
i	0	67	ici
i	0	263	idée
i	0	300	importe
i	0	470	important
i	0	498	ii
i	0	513	instant
i	0	574	impossible
i	0	580	ira
i	0	588	inquiète
i	0	705	intérieur
i	0	767	incroyable
i	0	809	idiot
i	0	816	impression
i	0	840	imagine
i	0	875	inspecteur
i	0	896	ignore
i	0	994	ie
i	0	1069	intérêt
i	0	1075	ia
i	0	1166	intéressant
i	0	1170	inutile
i	0	1257	intéresse
i	0	1300	importance
i	0	1312	irai
i	0	1344	idées
i	0	1350	informations
i	0	1386	immédiatement
i	0	1419	invité
i	0	1528	it
i	0	1534	île
i	0	1549	image
i	0	1598	intention
i	0	1663	identité
i	0	1673	intelligent
i	0	1706	imbécile
i	0	1716	importante
i	0	1746	imaginer
i	0	1754	infos
i	0	1774	in
i	0	1788	inquiétez
i	0	1804	inquiéter
i	0	1939	information
i	0	1948	invités
i	0	1967	interdit
i	0	1975	internet
i	0	2012	innocent
i	0	2019	infirmière
i	0	2041	immeuble
i	0	2097	ies
i	0	2254	images
i	0	2260	idiote
i	0	2325	ignorais
i	0	2443	inviter
i	0	2457	inquiet
i	0	2549	intelligente
i	0	2615	incendie
i	0	2633	impliqué
i	0	2755	inconnu
i	0	2760	inventé
i	0	2761	installer
i	0	2779	irait
i	0	2785	imaginez
i	0	2829	incident
i	0	2837	identifier
i	0	2925	impressionnant
i	0	2976	idiots
i	0	3066	is
i	0	3067	interroger
i	0	3113	info
i	0	3116	intéressé
i	0	3141	idéal
i	0	3181	invite
i	0	3200	irais
i	0	3218	imagination
i	0	3300	invitée
i	0	3301	incapable
i	0	3376	iras
i	0	3383	invitation
i	0	3412	injuste
i	0	3446	instinct
i	0	3489	illégal
i	0	3510	indiens
i	0	3529	ivre
i	0	3540	influence
i	0	3570	intérêts
i	0	3572	indice
i	0	3592	inquiètes
i	0	3598	indique
i	0	3676	innocents
i	0	3698	interne
i	0	3701	ignorer
i	0	3752	interrompre
i	0	3790	identifié
i	0	3832	intelligence
j	0	2	je
j	0	85	j'ai
j	0	86	j'aime
j	0	87	j'étais
j	0	88	j'avais
j	0	89	j'espère
j	0	90	j'arrive
j	0	91	j'attends
j	0	92	j'appelle
j	0	93	j'aimerais
j	0	94	j'aurais
j	0	95	j'aurai
j	0	96	juste
j	0	96	j'imagine
j	0	97	j'entends
j	0	98	jamais
j	0	98	j'habite
j	0	99	j'adore
j	0	100	j'accepte
j	0	101	j'ignore
j	0	102	j'oublie
j	0	192	jusqu'ici
j	0	193	jusqu'à
j	0	197	jour
j	0	269	jours
j	0	423	jouer
j	0	428	jeune
j	0	445	journée
j	0	492	jeu
j	0	690	joue
j	0	855	jolie
j	0	913	joli
j	0	943	jure
j	0	956	joué
j	0	964	juge
j	0	995	jeunes
j	0	1098	journal
j	0	1127	jeter
j	0	1154	justice
j	0	1426	jambes
j	0	1482	joyeux
j	0	1577	jésus
j	0	1589	jake
j	0	1649	justement
j	0	1676	job
j	0	1677	jeux
j	0	1682	joie
j	0	1701	jambe
j	0	1764	jeté
j	0	1812	jardin
j	0	1940	joindre
j	0	2138	jette
j	0	2140	joues
j	0	2141	jury
j	0	2206	journaux
j	0	2465	jaloux
j	0	2501	joey
j	0	2507	journaliste
j	0	2543	jean
j	0	2550	jus
j	0	2576	joueur
j	0	2662	jones
j	0	2698	juré
j	0	2823	jouez
j	0	2848	jeudi
j	0	2911	jesse
j	0	2975	jugement
j	0	3002	japonais
j	0	3033	jaune
j	0	3077	johnson
j	0	3147	juger
j	0	3213	jouait
j	0	3328	jeunesse
j	0	3399	junior
j	0	3401	juifs
j	0	3406	jolies
j	0	3442	juif
j	0	3539	jour-là
j	0	3665	joueurs
j	0	3692	jalouse
j	0	3857	jusque
j	0	4097	jungle
j	0	4217	jouent
j	0	4230	jouets
j	0	4269	juillet
j	0	4304	jules
j	0	4497	journalistes
j	0	4510	jenna
j	0	4545	jersey
j	0	4613	juin
j	0	4722	jetez
j	0	4843	just
j	0	4886	jugé
j	0	4921	jouais
j	0	4946	jumeaux
j	0	5074	judiciaire
k	0	2805	king
k	0	2930	kilomètres
k	0	3628	kilos
k	0	4436	kitty
k	0	4574	know
k	0	4658	kong
k	0	4911	karl
k	0	4977	kit
k	0	5134	kent
k	0	5203	kirk
k	0	5466	kurt
k	0	5656	kennedy
k	0	5975	kira
k	0	6167	kidnappé
k	0	6227	khan
k	0	6668	kansas
k	0	6933	klaus
k	0	6970	kathy
k	0	7010	kid
k	0	7153	karma
k	0	7493	kidnapping
k	0	7676	keller
k	0	7709	kane
k	0	7734	kara
k	0	7810	kay
k	0	7824	kang
k	0	9155	kat
k	0	9431	kai
k	0	9585	ketchup
k	0	9961	kramer
k	0	10027	kilo
k	0	10030	klaxon
k	0	10136	kidnapper
k	0	10161	kung-fu
k	0	10174	karaté
k	0	10223	katrina
k	0	10555	kerry
k	0	10663	kelso
k	0	10688	kidnappée
k	0	11116	kilomètre
k	0	11386	ko
k	0	11591	klingon
k	0	11666	knight
k	0	11786	kiki
k	0	11853	kirby
k	0	11919	kentucky
k	0	11922	knox
k	0	11927	klein
k	0	12338	kirsten
k	0	12476	kappa
k	0	12501	katy
k	0	12502	karaoké
k	0	12554	kev
k	0	12762	kitt
k	0	13005	keep
k	0	13235	kensi
k	0	13277	killer
k	0	13446	karev
k	0	13450	kidnappeur
k	0	13696	klingons
k	0	13819	kenji
k	0	13871	kayla
k	0	13922	kathryn
k	0	14002	kathleen
k	0	14010	kimmy
k	0	14208	kono
k	0	14247	kristen
k	0	14290	kidnappeurs
k	0	14514	kendall
k	0	14555	kaylie
k	0	14862	keen
k	0	15359	kiss
k	0	15815	krusty
k	0	16161	kris
k	0	16163	kung
k	0	16229	kyoto
k	0	16375	kiosque
k	0	16698	kimberly
k	0	16738	katya
k	0	16958	kenya
k	0	17228	kingsley
k	0	17362	kendra
k	0	17514	kiffe
k	0	17905	key
k	0	17906	katia
k	0	18173	kimono
k	0	18226	kalinda
k	0	18243	kaplan
k	0	18268	kristina
k	0	18274	kelsey
k	0	18662	kovac
k	0	18698	krishna
k	0	18723	kryptonite
k	0	19055	kaamelott
k	0	19128	kermit
k	0	19138	kessler
l	0	5	le
l	0	7	la
l	0	18	les
l	0	72	lui
l	0	77	là
l	0	103	l'homme
l	0	104	l'amour
l	0	105	l'école
l	0	106	l'enfant
l	0	107	l'air
l	0	108	l'eau
l	0	109	l'histoire
l	0	110	l'heure
l	0	111	l'idée
l	0	112	l'autre
l	0	113	l'année
l	0	114	l'aide
l	0	115	l'équipe
l	0	116	l'endroit
l	0	117	l'affaire
l	0	118	l'appartement
l	0	119	l'hôpital
l	0	120	l'hôtel
l	0	121	l'université
l	0	122	l'église
l	0	123	l'entrée
l	0	124	l'extérieur
l	0	125	l'intérieur
l	0	126	l'adresse
l	0	127	l'argent
l	0	128	l'avenir
l	0	129	l'ordinateur
l	0	130	l'écran
l	0	131	l'écrivain
l	0	132	l'écriture
l	0	133	l'économie
l	0	134	l'écologie
l	0	156	leur
l	0	326	laisser
l	0	330	laisse
l	0	338	longtemps
l	0	348	leurs
l	0	381	là-bas
l	0	405	loin
l	0	504	laissé
l	0	551	lit
l	0	558	lieu
l	0	635	laisse-moi
l	0	668	livre
l	0	722	laissez-moi
l	0	745	long
l	0	759	laissez
l	0	787	liste
l	0	803	libre
l	0	838	ligne
l	0	877	lumière
l	0	911	lire
l	0	920	laquelle
l	0	929	loi
l	0	934	lettre
l	0	974	lu
l	0	1036	lieutenant
l	0	1043	là-dedans
l	0	1113	lequel
l	0	1139	livres
l	0	1186	lycée
l	0	1189	longue
l	0	1195	lune
l	0	1197	liberté
l	0	1289	lorsque
l	0	1396	lâche
l	0	1509	lors
l	0	1557	langue
l	0	1594	lui-même
l	0	1606	lait
l	0	1629	lien
l	0	1671	lettres
l	0	1695	là-haut
l	0	1708	labo
l	0	1757	lever
l	0	1877	larry
l	0	1909	lance
l	0	1982	lancer
l	0	1999	lois
l	0	2002	laisserai
l	0	2037	leçon
l	0	2062	lis
l	0	2100	laisses
l	0	2102	là-dessus
l	0	2182	lundi
l	0	2193	logique
l	0	2196	lève
l	0	2203	lèvres
l	0	2205	lunettes
l	0	2237	libérer
l	0	2250	louis
m	0	32	mais
m	0	36	me
m	0	47	mon
m	0	52	moi
m	0	68	ma
m	0	95	merci
m	0	104	même
m	0	107	maintenant
m	0	123	mes
m	0	136	monde
m	0	166	mal
m	0	173	mort
m	0	173	m'appelle
m	0	174	mieux
m	0	174	m'aime
m	0	175	m'aider
m	0	176	mère
m	0	176	m'attend
m	0	177	m'en
m	0	178	m'a
m	0	179	m'ont
m	0	189	maison
m	0	198	monsieur
m	0	209	moins
m	0	211	maman
m	0	213	moment
m	0	284	mec
m	0	324	mois
m	0	328	mettre
m	0	373	main
m	0	378	matin
m	0	384	minutes
m	0	397	mis
m	0	407	mari
m	0	411	mme
m	0	420	mourir
m	0	446	madame
m	0	451	meilleur
m	0	454	mains
m	0	460	manger
m	0	466	marche
m	0	479	mariage
m	0	510	minute
m	0	520	mauvais
m	0	521	mot
m	0	579	morte
m	0	601	montrer
m	0	614	musique
m	0	617	moyen
m	0	624	meurtre
m	0	632	mlle
m	0	633	marché
m	0	638	malade
m	0	661	meilleure
m	0	671	message
m	0	675	morts
m	0	704	mets
m	0	710	messieurs
m	0	716	manque
m	0	740	maître
m	0	742	mauvaise
m	0	766	millions
m	0	814	mots
m	0	828	médecin
m	0	849	magnifique
m	0	854	mission
m	0	880	montre
m	0	882	marcher
m	0	897	moitié
m	0	965	moi-même
m	0	979	met
m	0	999	monte
m	0	1015	manière
m	0	1018	mange
m	0	1033	mecs
m	0	1042	monter
m	0	1055	milieu
m	0	1123	menti
m	0	1124	mer
m	0	1162	mise
m	0	1206	mur
m	0	1255	match
m	0	1262	magasin
m	0	1263	marier
m	0	1273	merveilleux
m	0	1280	mien
m	0	1292	mignon
m	0	1304	mérite
m	0	1305	machine
m	0	1308	mesdames
m	0	1309	meilleurs
m	0	1329	mangé
m	0	1352	monstre
m	0	1366	marié
m	0	1397	mademoiselle
m	0	1433	mémoire
n	0	17	ne
n	0	34	nous
n	0	42	non
n	0	122	notre
n	0	158	n'est
n	0	159	n'a
n	0	160	n'ai
n	0	161	n'ont
n	0	162	n'avons
n	0	163	n'était
n	0	164	n'est-ce
n	0	199	nos
n	0	204	nom
n	0	207	nuit
n	0	298	nouveau
n	0	346	ni
n	0	392	nouvelle
n	0	499	numéro
n	0	618	nouvelles
n	0	683	new
n	0	737	noël
n	0	750	noir
n	0	865	neuf
n	0	939	normal
n	0	1034	nulle
n	0	1153	nez
n	0	1183	nourriture
n	0	1191	niveau
n	0	1214	nord
n	0	1326	nul
n	0	1356	nature
n	0	1372	nécessaire
n	0	1414	nouveaux
n	0	1457	noms
n	0	1672	nombre
n	0	1705	noire
n	0	1712	nouvel
n	0	1715	né
n	0	1872	naissance
n	0	1910	nettoyer
n	0	1931	note
n	0	1945	nerveux
n	0	1973	no
n	0	2123	neige
n	0	2159	notes
n	0	2211	noirs
n	0	2233	normale
n	0	2261	nombreux
n	0	2469	nuits
n	0	2683	navire
n	0	2786	navré
n	0	2807	nourrir
n	0	2827	nana
n	0	2828	nommé
n	0	2851	normalement
n	0	2900	naturel
n	0	2961	nationale
n	0	3084	nu
n	0	3134	nôtres
n	0	3209	née
n	0	3289	nerveuse
n	0	3349	nate
n	0	3430	nager
n	0	3433	nôtre
n	0	3438	nation
n	0	3469	neveu
n	0	3523	négatif
n	0	3544	numéros
n	0	3607	national
n	0	3625	noble
n	0	3678	nombreuses
n	0	3681	naturellement
n	0	3776	nucléaire
n	0	3867	nue
n	0	3901	nerfs
n	0	4013	noix
n	0	4068	négocier
n	0	4219	nan
n	0	4244	neil
n	0	4265	net
n	0	4360	noté
n	0	4456	navrée
n	0	4527	nelson
n	0	4646	nuit-là
n	0	4828	nièce
n	0	4866	norman
n	0	4916	nuages
n	0	4936	naturelle
n	0	4943	navette
n	0	4969	nid
n	0	5010	novembre
n	0	5053	nettoie
n	0	5385	normaux
n	0	5424	nous-mêmes
n	0	5438	neal
n	0	5439	ned
o	0	21	on
o	0	54	oui
o	0	76	où
o	0	91	ou
o	0	94	ont
o	0	106	oh
o	0	151	ouais
o	0	161	ok
o	0	583	oublié
o	0	698	occupe
o	0	736	occuper
o	0	761	ordre
o	0	770	oublie
o	0	785	oncle
o	0	810	okay
o	0	847	or
o	0	867	ouvre
o	0	947	offre
o	0	970	oublier
o	0	990	ouvrir
o	0	1024	ordres
o	0	1081	oeil
o	0	1121	ouvert
o	0	1135	opération
o	0	1178	œil
o	0	1223	occupé
o	0	1236	obtenir
o	0	1314	occasion
o	0	1345	officier
o	0	1354	ordinateur
o	0	1374	offrir
o	0	1542	ouvrez
o	0	1556	oubliez
o	0	1660	obligé
o	0	1670	os
o	0	1680	of
o	0	1740	odeur
o	0	1826	ouest
o	0	1889	ouverte
o	0	1992	offert
o	0	2025	oreilles
o	0	2046	oiseau
o	0	2114	ombre
o	0	2173	ours
o	0	2178	obtenu
o	0	2330	ont-ils
o	0	2333	oreille
o	0	2393	objet
o	0	2394	ouai
o	0	2396	oiseaux
o	0	2407	occupée
o	0	2522	opinion
o	0	2678	océan
o	0	2735	origine
o	0	2792	opportunité
o	0	2873	objets
o	0	2894	ooh
o	0	3093	organiser
o	0	3094	œuvre
o	0	3095	organisation
o	0	3219	objection
o	0	3223	ordinaire
o	0	3288	orange
o	0	3290	ouverture
o	0	3330	officiers
o	0	3341	organisé
o	0	3370	objectif
o	0	3378	officiellement
o	0	3398	obligée
o	0	3443	ouah
o	0	3456	original
o	0	3538	oeuvre
o	0	3566	oeufs
o	0	3576	œufs
o	0	3588	oxygène
o	0	3612	opérations
o	0	3670	option
o	0	3736	oû
o	0	3768	one
o	0	3876	owen
o	0	3922	officiel
o	0	3984	ongles
o	0	4077	otage
o	0	4082	opérer
o	0	4182	ordures
o	0	4203	otages
o	0	4234	outils
o	0	4280	ordonné
o	0	4302	oublierai
o	0	4321	out
o	0	4345	ordure
o	0	4369	oublies
o	0	4443	options
o	0	4472	ose
o	0	4481	occupe-toi
o	0	4531	oblige
p	0	4	pas
p	0	27	pour
p	0	46	plus
p	0	75	pourquoi
p	0	82	peux
p	0	90	par
p	0	109	peut
p	0	116	peu
p	0	130	peut-être
p	0	138	parce
p	0	143	parler
p	0	144	personne
p	0	146	père
p	0	153	pense
p	0	188	petit
p	0	191	presqu'île
p	0	195	passé
p	0	196	prendre
p	0	219	papa
p	0	220	passe
p	0	222	problème
p	0	224	peur
p	0	240	plaît
p	0	241	pourrait
p	0	243	pris
p	0	244	pu
p	0	252	partir
p	0	262	pendant
p	0	265	parle
p	0	267	part
p	0	277	puis
p	0	279	passer
p	0	280	petite
p	0	286	pouvez
p	0	287	porte
p	0	307	prends
p	0	312	partie
p	0	319	pensais
p	0	322	police
p	0	335	parlé
p	0	342	place
p	0	354	pourrais
p	0	365	pouvoir
p	0	367	perdu
p	0	368	premier
p	0	369	première
p	0	371	point
p	0	380	pardon
p	0	396	parti
p	0	415	plutôt
p	0	417	prêt
p	0	422	possible
p	0	440	propos
p	0	449	près
p	0	455	penses
p	0	456	prie
p	0	475	presque
p	0	476	plein
p	0	480	parents
p	0	488	pensé
p	0	494	pays
p	0	500	personnes
p	0	502	parfait
p	0	509	peine
p	0	512	plan
p	0	515	prison
p	0	516	penser
p	0	518	prend
p	0	528	parfois
p	0	538	plaisir
p	0	543	propre
p	0	568	pire
p	0	569	pos
p	0	570	peuvent
p	0	576	perdre
p	0	589	payer
p	0	592	pouvais
p	0	596	prenez
p	0	597	pensez
p	0	602	parles
p	0	603	photo
p	0	605	problèmes
p	0	619	puis-je
p	0	655	partout
p	0	658	prochaine
p	0	678	président
p	0	679	plait
p	0	691	pauvre
p	0	697	pouvait
p	0	701	pièce
p	0	720	puisse
p	0	741	prix
p	0	751	promis
p	0	753	patron
p	0	758	probablement
p	0	774	protéger
q	0	6	que
q	0	31	qui
q	0	61	quoi
q	0	81	quand
q	0	118	quelque
q	0	135	qu'il
q	0	136	qu'elle
q	0	137	qu'on
q	0	138	qu'ils
q	0	139	qu'elles
q	0	140	qu'un
q	0	141	qu'une
q	0	142	qu'est-ce
q	0	143	qu'importe
q	0	144	qu'est-ce-que
q	0	182	quel
q	0	194	quelqu'un
q	0	195	quelqu'une
q	0	246	quelle
q	0	250	quelques
q	0	311	question
q	0	523	quatre
q	0	623	questions
q	0	928	quitter
q	0	1126	quitté
q	0	1285	quartier
q	0	1523	quitte
q	0	1621	quelles
q	0	1635	quels
q	0	2008	queue
q	0	2047	qu
q	0	2323	quiconque
q	0	2913	quant
q	0	2960	qualité
q	0	3863	quinn
q	0	3885	quatrième
q	0	4044	quoique
q	0	4153	quart
q	0	4352	quinze
q	0	4372	quittez
q	0	4532	quartiers
q	0	4665	quittes
q	0	4705	quantité
q	0	5013	quelconque
q	0	5041	quête
q	0	5153	quasiment
q	0	5573	quarantaine
q	0	5734	quai
q	0	6255	quelques-uns
q	0	6268	qualités
q	0	7126	queen
q	0	7776	qualifié
q	0	8057	quotidien
q	0	8091	quittée
q	0	8234	quelquefois
q	0	8784	quarante
q	0	9036	queens
q	0	9977	quitterai
q	0	10265	quittés
q	0	10602	quittera
q	0	10695	queje
q	0	10703	querelle
q	0	10776	quasi
q	0	10840	quittent
q	0	10845	quatorze
q	0	11414	quittant
q	0	11465	quelques-unes
q	0	11667	quelquechose
q	0	11952	qi
q	0	12045	questionner
q	0	12158	quais
q	0	13400	quantique
q	0	13821	québec
q	0	14295	quotidienne
q	0	14434	quittait
q	0	14483	quadrant
q	0	14536	qualifiée
q	0	15001	queues
q	0	15008	quantico
q	0	15063	quelque-chose
q	0	15084	quarterback
q	0	15178	quincaillerie
q	0	16022	quarts
q	0	16285	quantités
q	0	16530	quittons
q	0	16704	quark
q	0	16780	quelqu
q	0	17110	qualifiés
q	0	17223	quartier-maître
q	0	17820	qualifications
q	0	17840	querelles
q	0	17939	quo
q	0	17942	quota
q	0	17992	qualifier
q	0	18871	quincy
q	0	19335	questionné
r	0	78	rien
r	0	208	raison
r	0	212	reste
r	0	225	regarde
r	0	305	rester
r	0	343	revoir
r	0	443	regardez
r	0	506	retour
r	0	524	rentrer
r	0	525	regarder
r	0	555	rendre
r	0	557	route
r	0	593	reviens
r	0	664	roi
r	0	666	retard
r	0	669	rapport
r	0	686	rentre
r	0	687	rendez-vous
r	0	689	revenir
r	0	694	rencontrer
r	0	702	reçu
r	0	712	rêve
r	0	746	rue
r	0	765	retrouver
r	0	771	ressemble
r	0	798	réussi
r	0	801	retourner
r	0	806	rappelle
r	0	811	rencontré
r	0	812	restez
r	0	825	rouge
r	0	850	risque
r	0	876	réponse
r	0	907	rend
r	0	909	recherche
r	0	1003	relation
r	0	1032	responsable
r	0	1052	rire
r	0	1066	réunion
r	0	1076	retourne
r	0	1102	récupérer
r	0	1131	robe
r	0	1140	répondre
r	0	1151	ramener
r	0	1152	règles
r	0	1177	rêves
r	0	1200	radio
r	0	1208	revenu
r	0	1213	ridicule
r	0	1227	rôle
r	0	1231	reine
r	0	1268	revient
r	0	1275	ravi
r	0	1288	rapide
r	0	1291	rendu
r	0	1327	rose
r	0	1332	rencontre
r	0	1335	réalité
r	0	1337	respect
r	0	1338	remettre
r	0	1355	retrouvé
r	0	1357	rappeler
r	0	1392	réfléchir
r	0	1401	retrouve
r	0	1408	riche
r	0	1413	restes
r	0	1423	repas
r	0	1451	regardé
r	0	1456	remarqué
r	0	1495	restaurant
r	0	1505	raisons
r	0	1506	refuse
r	0	1515	rentré
r	0	1522	rends
r	0	1530	remercier
r	0	1536	remercie
r	0	1541	régler
r	0	1551	rejoindre
r	0	1568	raté
r	0	1588	regarde-moi
r	0	1639	recherches
r	0	1650	raconter
r	0	1651	rapidement
r	0	1681	reprendre
r	0	1686	regard
r	0	1709	résultats
r	0	1722	réparer
r	0	1745	règle
r	0	1747	raconte
r	0	1775	réel
r	0	1783	resté
r	0	1787	recevoir
r	0	1796	ramène
r	0	1807	réponds
r	0	1831	répondu
r	0	1840	réalisé
s	0	38	si
s	0	41	suis
s	0	60	sur
s	0	62	se
s	0	64	sais
s	0	80	sont
s	0	84	son
s	0	105	sa
s	0	135	sans
s	0	140	sûr
s	0	152	ses
s	0	165	s'il
s	0	166	s'ils
s	0	167	s'est
s	0	168	s'était
s	0	169	s'agit
s	0	170	s'appelle
s	0	171	s'en
s	0	172	s'y
s	0	177	sera
s	0	190	soit
s	0	194	soir
s	0	200	savoir
s	0	202	salut
s	0	215	seul
s	0	231	savez
s	0	247	sait
s	0	248	sommes
s	0	255	seule
s	0	256	serait
s	0	285	sens
s	0	288	sortir
s	0	289	super
s	0	301	sang
s	0	304	sous
s	0	321	seulement
s	0	347	savais
s	0	375	sois
s	0	382	suite
s	0	441	semaine
s	0	467	sécurité
s	0	489	souviens
s	0	507	semble
s	0	514	serai
s	0	562	service
s	0	567	sûre
s	0	571	sujet
s	0	575	sorte
s	0	586	serais
s	0	595	suffit
s	0	608	sûrement
s	0	616	sauf
s	0	621	sauver
s	0	625	sérieux
s	0	626	seconde
s	0	637	salle
s	0	642	six
s	0	643	simple
s	0	645	semaines
s	0	649	seigneur
s	0	651	sors
s	0	653	suppose
s	0	663	soirée
s	0	665	surtout
s	0	677	soyez
s	0	681	sinon
s	0	695	sort
s	0	700	souvent
s	0	725	secret
s	0	731	sac
s	0	776	situation
s	0	781	simplement
s	0	782	scène
s	0	783	sœur
s	0	788	soeur
s	0	802	sale
s	0	818	sympa
s	0	826	système
s	0	829	seras
s	0	831	stupide
s	0	835	surprise
s	0	843	seront
s	0	844	savait
s	0	852	su
s	0	858	sorti
s	0	873	suivre
s	0	892	soleil
s	0	899	selon
s	0	908	sortie
s	0	981	serez
s	0	989	sentir
s	0	992	santé
s	0	1001	signifie
s	0	1027	secondes
s	0	1029	sortez
s	0	1035	signe
t	0	9	tu
t	0	45	tout
t	0	49	te
t	0	69	toi
t	0	88	ton
t	0	97	très
t	0	108	tous
t	0	114	ta
t	0	117	temps
t	0	120	toujours
t	0	141	trop
t	0	180	tes
t	0	180	t'inquiète
t	0	181	t'as
t	0	182	t'es
t	0	183	t'aime
t	0	184	t'appelle
t	0	185	t'attends
t	0	186	t'avais
t	0	187	t'aurais
t	0	193	toute
t	0	228	trouvé
t	0	233	trouver
t	0	234	trois
t	0	239	toutes
t	0	242	travail
t	0	245	tête
t	0	259	tuer
t	0	276	tard
t	0	278	truc
t	0	281	tant
t	0	310	tué
t	0	360	train
t	0	364	trouve
t	0	366	type
t	0	372	tellement
t	0	374	tiens
t	0	401	terre
t	0	448	téléphone
t	0	485	tomber
t	0	522	travailler
t	0	545	tour
t	0	552	travaille
t	0	587	tôt
t	0	606	the
t	0	627	trucs
t	0	747	tirer
t	0	824	table
t	0	851	terminé
t	0	900	tenir
t	0	919	tue
t	0	930	tueur
t	0	944	tiré
t	0	952	tranquille
t	0	975	touche
t	0	978	télé
t	0	985	triste
t	0	988	tombe
t	0	991	travers
t	0	1023	tire
t	0	1077	tel
t	0	1078	trou
t	0	1091	tient
t	0	1117	tort
t	0	1138	tenez
t	0	1163	témoin
t	0	1171	terrible
t	0	1187	tas
t	0	1203	thé
t	0	1220	toilettes
t	0	1241	tombé
t	0	1259	tante
t	0	1281	terrain
t	0	1293	tourne
t	0	1316	travaillé
t	0	1328	touché
t	0	1390	test
t	0	1428	telle
t	0	1430	to
t	0	1431	tourner
t	0	1432	toucher
t	0	1438	taille
t	0	1440	trouves
t	0	1462	tais-toi
t	0	1490	trouvez
t	0	1494	taxi
t	0	1512	tuée
t	0	1526	totalement
t	0	1545	types
t	0	1574	troisième
t	0	1653	tribunal
t	0	1710	toi-même
t	0	1750	trouvée
t	0	1781	toit
t	0	1866	traces
t	0	1867	trésor
u	0	10	un
u	0	23	une
u	0	775	utiliser
u	0	1205	utilisé
u	0	1360	utilise
u	0	1424	urgence
u	0	1453	université
u	0	1627	utile
u	0	1630	unique
u	0	1782	unité
u	0	1792	uh
u	0	1838	univers
u	0	2327	usine
u	0	2546	uniforme
u	0	2642	uniquement
u	0	2745	um
u	0	3004	urgences
u	0	3060	urgent
u	0	3524	union
u	0	3601	uns
u	0	3650	unités
u	0	3999	up
u	0	4222	usa
u	0	4262	utilisez
u	0	4330	utilisent
u	0	4826	utilisée
u	0	4857	usage
u	0	5266	utilisant
u	0	5729	unis
u	0	5731	ultime
u	0	6179	us
u	0	6768	utilises
u	0	6797	urine
u	0	6815	utilisait
u	0	7204	utiles
u	0	7681	utilisation
u	0	8155	uniformes
u	0	8759	utilité
u	0	8762	utilisés
u	0	9183	ugh
u	0	9341	utérus
u	0	9362	unir
u	0	9516	uh-huh
u	0	9645	universitaire
u	0	9952	usines
u	0	10708	utilisons
u	0	10762	ur
u	0	11249	unes
u	0	11299	unies
u	0	11581	ultra
u	0	12407	usb
u	0	12437	utilisées
u	0	12650	ulds
u	0	12980	urgente
u	0	13147	utah
u	0	13375	usé
u	0	13475	unit
u	0	13683	utilisera
u	0	13729	united
u	0	13762	universités
u	0	13912	utiliserai
u	0	14243	uranium
u	0	14498	uniques
u	0	14508	ulysse
u	0	14786	user
u	0	14805	uni
u	0	15086	urne
u	0	15238	uld
u	0	15326	underwood
u	0	15478	utilisaient
u	0	15520	unie
u	0	15529	ulcère
u	0	15798	utilisais
u	0	15897	universelle
u	0	15943	universel
u	0	16128	uss
u	0	16236	urbaine
u	0	16300	upper
u	0	16561	ultimatum
u	0	16794	ukraine
u	0	16901	use
u	0	17731	uncut
u	0	18469	ursula
u	0	18637	urbain
u	0	19169	utilisateur
u	0	19247	urss
u	0	19908	uh-oh
u	0	20003	ue
u	0	20825	usure
u	0	20905	utiliserais
u	0	20926	uriner
u	0	21372	utilisateurs
u	0	21467	universitaires
u	0	21729	uhh
u	0	21757	unanime
u	0	21887	usurier
v	0	8	vous
v	0	55	va
v	0	66	veux
v	0	73	votre
v	0	86	vais
v	0	102	vraiment
v	0	103	voir
v	0	129	vie
v	0	133	vu
v	0	158	viens
v	0	159	vrai
v	0	163	veut
v	0	171	vos
v	0	175	vas
v	0	183	vois
v	0	186	voilà
v	0	214	voulais
v	0	226	voulez
v	0	253	vite
v	0	257	voiture
v	0	272	venir
v	0	295	vient
v	0	332	ville
v	0	337	vont
v	0	359	voici
v	0	377	vieux
v	0	379	venu
v	0	383	vers
v	0	386	venez
v	0	426	voulait
v	0	436	vérité
v	0	442	vivre
v	0	458	vas-y
v	0	487	vue
v	0	531	voyez
v	0	541	voudrais
v	0	560	voit
v	0	578	voulu
v	0	609	verre
v	0	612	veulent
v	0	659	visage
v	0	672	voulez-vous
v	0	673	vaut
v	0	726	venue
v	0	730	voyons
v	0	734	voix
v	0	768	voyage
v	0	779	veux-tu
v	0	815	victime
v	0	861	volé
v	0	886	vraie
v	0	891	vas-tu
v	0	902	vouloir
v	0	904	vieille
v	0	963	visite
v	0	972	vivant
v	0	1009	voler
v	0	1019	vit
v	0	1026	vaisseau
v	0	1030	vendre
v	0	1041	viennent
v	0	1065	voie
v	0	1144	vol
v	0	1146	vin
v	0	1160	vérifier
v	0	1202	verra
v	0	1235	vide
v	0	1249	vidéo
v	0	1250	vêtements
v	0	1301	venus
v	0	1323	village
v	0	1330	vis
v	0	1339	vacances
v	0	1393	victimes
v	0	1417	vies
v	0	1437	vent
v	0	1458	vécu
v	0	1489	vouliez
v	0	1520	voudrait
v	0	1560	veuillez
v	0	1567	venait
v	0	1654	viendra
v	0	1689	vendu
v	0	1717	voulons
v	0	1733	vitesse
v	0	1748	vus
v	0	1755	vendredi
v	0	1756	voitures
v	0	1773	valeur
v	0	1800	van
v	0	1844	viande
v	0	1880	vienne
v	0	1928	vôtre
v	0	1934	volonté
v	0	1936	victoire
v	0	1963	vérifié
w	0	1375	will
w	0	1516	week-end
w	0	1595	wow
w	0	2236	whoa
w	0	2767	whisky
w	0	3274	we
w	0	3520	wayne
w	0	3591	west
w	0	3862	walker
w	0	4072	williams
w	0	4174	white
w	0	4396	what
w	0	4404	with
w	0	4590	wade
w	0	4670	warren
w	0	5107	willie
w	0	5135	walt
w	0	5420	watson
w	0	5756	wallace
w	0	5870	world
w	0	5897	when
w	0	6000	wyatt
w	0	6329	web
w	0	6381	winston
w	0	6423	who
w	0	6557	wells
w	0	6644	was
w	0	7040	waouh
w	0	7168	wes
w	0	7363	way
w	0	7430	want
w	0	7477	whoo
w	0	7668	wally
w	0	8107	weekend
w	0	8110	wall
w	0	8153	ward
w	0	8196	willy
w	0	8368	wesley
w	0	8387	weaver
w	0	8532	whitney
w	0	8555	won
w	0	8737	wong
w	0	8751	woody
w	0	8844	wang
w	0	9265	woo
w	0	9402	wolf
w	0	9493	wu
w	0	9519	walsh
w	0	9580	wagon
w	0	9610	warner
w	0	9880	wheeler
w	0	10062	worf
w	0	10104	wright
w	0	10442	wanda
w	0	10661	willow
w	0	10761	well
w	0	10960	wraith
w	0	10984	wo
w	0	11187	webster
w	0	11191	where
w	0	11228	week-ends
w	0	11488	woods
w	0	11677	willis
w	0	12014	western
w	0	12063	wagner
w	0	12122	were
w	0	12308	woman
w	0	12469	week
w	0	12740	wisconsin
w	0	13002	wonder
w	0	13136	why
w	0	13250	walden
w	0	13405	wanna
w	0	13444	winter
w	0	13486	weston
w	0	13645	webb
w	0	13975	wars
w	0	14023	wild
w	0	14151	winnie
w	0	14261	webber
w	0	14330	would
w	0	14356	wood
w	0	14448	whitey
w	0	14511	winters
w	0	14562	watts
w	0	14863	winchester
w	0	14900	wendell
w	0	15073	wing
w	0	15087	wouah
w	0	15126	wons
w	0	15286	waters
w	0	15364	wilfred
w	0	15565	wa
w	0	15768	wahou
w	0	15861	wei
w	0	16065	weiss
x	0	5899	xena
x	0	14201	xavier
x	0	20046	xiao
x	0	21519	xanax
x	0	22059	xander
x	0	24394	xbox
x	0	27700	xiang
x	0	29855	xxe
x	0	31169	xing
x	0	31733	xi
x	0	32207	xu
x	0	35594	xiv
x	0	36917	xo
x	0	37726	xixe
x	0	39765	xiomara
x	0	40957	xérès
x	0	41724	xxie
x	0	42445	xindis
x	0	42506	xanadu
x	0	45400	xvi
x	0	45669	xiaoyan
x	0	45880	xerxès
x	0	46047	xy
x	0	46814	xuan
x	0	48906	xian
x	0	53769	xiaoyu
x	0	54159	xylocaïne
x	0	54767	xrous
x	0	55074	xandir
x	0	55703	xie
x	0	56096	xan
x	0	58596	xxème
x	0	58659	xvie
x	0	59092	xerox
x	0	60160	xindi
x	0	62909	xenia
x	0	63563	xiong
x	0	64039	xviie
x	0	64434	xylophone
x	0	64746	xin
x	0	64963	xylo
x	0	65396	xing-ke
x	0	66600	xixème
x	0	68757	xénon
x	0	69866	xia
x	0	70465	xii
x	0	70477	xiao-mei
x	0	70641	xerxes
x	0	73179	xe-ls
x	0	74950	xeno
x	0	75133	xve
x	0	75657	xue
x	0	76801	xavi
x	0	80478	xiu
x	0	80637	xun
x	0	85627	xxle
x	0	86059	xiliens
x	0	86610	xiaochun
x	0	86804	xhalax
x	0	87072	xxième
x	0	87105	xe
x	0	88321	xénophobe
x	0	88363	xiaolou
x	0	88719	xiao-gui
x	0	89044	xelion
x	0	90810	xindie
x	0	92111	xiaoping
x	0	93274	xenja
x	0	94598	xinpei
x	0	94604	xiie
x	0	94607	xoxo
x	0	95050	xiao-man
x	0	95435	xiangyang
x	0	96601	xianyang
x	0	97560	xabi
x	0	98600	xiao-kai
x	0	98852	xive
x	0	99047	xiao-ying
x	0	99238	xhosa
x	0	99589	xenon
y	0	40	y
y	0	363	yeux
y	0	898	you
y	0	1990	yeah
y	0	2762	ya
y	0	3008	yo
y	0	3125	your
y	0	5012	young
y	0	5807	yang
y	0	6850	yoga
y	0	7609	yes
y	0	8165	yacht
y	0	8270	yale
y	0	8646	yens
y	0	8879	yep
y	0	9255	yankees
y	0	9319	yu
y	0	11143	yaourt
y	0	11195	yankee
y	0	11281	yard
y	0	11483	youtube
y	0	11546	y-a-t-il
y	0	12051	yuri
y	0	12424	yoon
y	0	12902	yuki
y	0	13130	yakuza
y	0	13600	yen
y	0	13649	yvonne
y	0	14266	yan
y	0	14516	yoko
y	0	14594	yeong
y	0	14755	yun
y	0	14896	yards
y	0	15193	yi
y	0	15712	yuan
y	0	16045	youpi
y	0	16084	yates
y	0	16571	yin
y	0	17635	yves
y	0	18602	yoda
y	0	19042	yolanda
y	0	19089	yay
y	0	20718	yvette
y	0	22067	yamamoto
y	0	22159	yakuzas
y	0	22791	yellow
y	0	22947	ying
y	0	23140	yoshida
y	0	23585	yuans
y	0	24013	yah
y	0	24151	yoo
y	0	24409	yorkshire
y	0	25241	yasir
y	0	25862	yee
y	0	25897	yogi
y	0	26070	yamada
y	0	26138	yémen
y	0	26523	yui
y	0	26584	yumiko
y	0	26678	yusuf
y	0	26750	yo-yo
y	0	26763	yaourts
y	0	26833	youssef
y	0	26872	yumi
y	0	27191	yorker
y	0	27229	yukio
y	0	27811	yuko
y	0	28085	yourself
y	0	28296	yéti
y	0	28413	yokohama
y	0	28455	yong
y	0	28467	yonkers
y	0	29150	yao
y	0	29364	yeon
y	0	29729	yiddish
y	0	29800	yuji
y	0	29823	ye
y	0	30072	yoyo
y	0	30258	yul
y	0	30973	yougoslavie
y	0	31465	years
y	0	32015	yukiko
y	0	32340	year
y	0	32427	yamato
y	0	32914	yutaka
y	0	33071	yellowstone
y	0	33390	yuen
y	0	33719	yup
y	0	34059	yuma
y	0	34631	youri
y	0	34707	yuka
y	0	35043	y-a
y	0	35230	yung
y	0	35242	young-hee
y	0	35428	yamamori
y	0	35477	yamaguchi
z	0	1258	zone
z	0	2148	zéro
z	0	3982	zut
z	0	4941	zoo
z	0	5505	zach
z	0	6051	zombie
z	0	6359	zack
z	0	6372	zombies
z	0	6626	zones
z	0	8881	zero
z	0	9727	zoey
z	0	10411	ziva
z	0	11498	zoom
z	0	12380	zeus
z	0	12438	zane
z	0	13248	zen
z	0	13394	zeke
z	0	14539	zhang
z	0	15559	ziggy
z	0	15621	zizi
z	0	15938	zurich
z	0	16445	zèle
z	0	16474	zachary
z	0	16758	zhao
z	0	18396	zéros
z	0	18653	zelda
z	0	19404	zac
z	0	20290	zhaan
z	0	20950	zèbre
z	0	21938	zinc
z	0	22185	zeta
z	0	22732	zip
z	0	22850	zed
z	0	24398	zola
z	0	24874	zhou
z	0	25193	zorro
z	0	25452	zod
z	0	25644	zimmerman
z	0	26142	zarbi
z	0	26671	zebra
z	0	27010	zoomer
z	0	27130	zapata
z	0	27135	zoome
z	0	27250	zeppelin
z	0	27526	zappé
z	0	27918	zhu
z	0	28159	zedd
z	0	28212	zatoichi
z	0	28410	zoila
z	0	28483	zé
z	0	28846	zapper
z	0	29555	zee
z	0	29740	zuko
z	0	29742	zodiac
z	0	30204	zhen
z	0	30352	ze
z	0	30382	zoidberg
z	0	30428	zelena
z	0	31398	zak
z	0	31486	zelle
z	0	31658	ziegfeld
z	0	31856	ziegler
z	0	31919	zale
z	0	32464	zig
z	0	32876	zheng
z	0	32920	zodiaque
z	0	33062	zob
z	0	33405	zèbres
z	0	33535	zoya
z	0	33558	zeuthen
z	0	33772	zoltan
z	0	34032	zeste
z	0	34100	zi
z	0	34594	zara
z	0	35285	zappe
z	0	35414	zizanie
z	0	35520	zeb
z	0	36142	zélé
z	0	36367	zander
z	0	36686	zou
z	0	36717	zing
z	0	36728	zinzin
z	0	37568	zélande
z	0	37855	zigzag
z	0	37867	zaroff
z	0	37886	zénith
z	0	38125	zarkon
z	0	38358	zeeland
z	0	38548	zephyr
z	0	38633	zulu
z	0	38928	zimmer
z	0	38938	zaf
z	0	39384	zoulou
z	0	39394	zion
z	0	39427	zhong
z	0	39571	zo
