ء	0621.txt.gz	1	40
ؤ	0624.txt.gz	1	40
ئ	0626.txt.gz	1	40
ا	0627.txt.gz	3	48
اؤ	0627_0624.txt.gz	1880	4686
ائ	0627_0626.txt.gz	2113	5265
اا	0627_0627.txt.gz	36526	88985
اب	0627_0628.txt.gz	14417	36333
ات	0627_062a.txt.gz	69069	175500
اث	0627_062b.txt.gz	3887	9602
اج	0627_062c.txt.gz	14386	36009
اح	0627_062d.txt.gz	19969	49508
اخ	0627_062e.txt.gz	16564	41306
اد	0627_062f.txt.gz	12906	32102
اذ	0627_0630.txt.gz	4968	12157
ار	0627_0631.txt.gz	24579	61392
از	0627_0632.txt.gz	9178	22818
اس	0627_0633.txt.gz	133521	344975
اش	0627_0634.txt.gz	14875	36855
اص	0627_0635.txt.gz	10339	25584
اض	0627_0636.txt.gz	6163	15228
اط	0627_0637.txt.gz	7452	18559
اظ	0627_0638.txt.gz	1599	3868
اع	0627_0639.txt.gz	21214	52483
اغ	0627_063a.txt.gz	10154	25172
اف	0627_0641.txt.gz	358326	932046
اق	0627_0642.txt.gz	18730	46061
اك	0627_0643.txt.gz	14186	35423
ال	0627_0644.txt.gz	92714	244837
ام	0627_0645.txt.gz	16284	40273
ان	0627_0646.txt.gz	59549	149885
اه	0627_0647.txt.gz	10679	26363
او	0627_0648.txt.gz	356659	925280
اي	0627_064a.txt.gz	39461	93341
ب	0628.txt.gz	1	40
بؤ	0628_0624.txt.gz	140	405
بئ	0628_0626.txt.gz	59	210
با	0628_0627.txt.gz	5189	14017
بب	0628_0628.txt.gz	183	737
بت	0628_062a.txt.gz	424	1252
بث	0628_062b.txt.gz	228	623
بج	0628_062c.txt.gz	469	1308
بح	0628_062d.txt.gz	429	1149
بخ	0628_062e.txt.gz	424	1171
بد	0628_062f.txt.gz	991	2564
بذ	0628_0630.txt.gz	475	1194
بر	0628_0631.txt.gz	3545	9325
بز	0628_0632.txt.gz	719	1851
بس	0628_0633.txt.gz	875	2403
بش	0628_0634.txt.gz	420	1225
بص	0628_0635.txt.gz	402	1095
بض	0628_0636.txt.gz	262	704
بط	0628_0637.txt.gz	1059	2709
بظ	0628_0638.txt.gz	42	181
بع	0628_0639.txt.gz	766	2084
بغ	0628_063a.txt.gz	643	1665
بف	0628_0641.txt.gz	93	456
بق	0628_0642.txt.gz	611	1585
بك	0628_0643.txt.gz	412	1259
بل	0628_0644.txt.gz	2034	5201
بم	0628_0645.txt.gz	190	815
بن	0628_0646.txt.gz	1039	2895
به	0628_0647.txt.gz	1045	2666
بو	0628_0648.txt.gz	2302	6075
بي	0628_064a.txt.gz	1146	3106
بک	0628_06a9.txt.gz	1	56
ة	0629.txt.gz	1	40
ت	062a.txt.gz	1	40
تؤ	062a_0624.txt.gz	4741	11455
تئ	062a_0626.txt.gz	477	1109
تا	062a_0627.txt.gz	7006	17271
تب	062a_0628.txt.gz	14100	34077
تت	062a_062a.txt.gz	44253	108024
تث	062a_062b.txt.gz	3107	7530
تج	062a_062c.txt.gz	14873	36147
تح	062a_062d.txt.gz	20675	49987
تخ	062a_062e.txt.gz	15768	38391
تد	062a_062f.txt.gz	14051	33967
تذ	062a_0630.txt.gz	4952	11678
تر	062a_0631.txt.gz	23363	56764
تز	062a_0632.txt.gz	9761	23440
تس	062a_0633.txt.gz	37164	89032
تش	062a_0634.txt.gz	16155	39320
تص	062a_0635.txt.gz	11345	27548
تض	062a_0636.txt.gz	6338	15118
تط	062a_0637.txt.gz	8063	19438
تظ	062a_0638.txt.gz	1405	3321
تع	062a_0639.txt.gz	22195	53523
تغ	062a_063a.txt.gz	9548	23044
تف	062a_0641.txt.gz	15451	37322
تق	062a_0642.txt.gz	20140	48211
تك	062a_0643.txt.gz	14043	34035
تل	062a_0644.txt.gz	16157	38778
تم	062a_0645.txt.gz	16762	40366
تن	062a_0646.txt.gz	34437	83351
ته	062a_0647.txt.gz	12318	29584
تو	062a_0648.txt.gz	18109	44147
تي	062a_064a.txt.gz	2066	5005
ث	062b.txt.gz	1	40
ثؤ	062b_0624.txt.gz	17	114
ثئ	062b_0626.txt.gz	29	122
ثا	062b_0627.txt.gz	496	1317
ثب	062b_0628.txt.gz	395	974
ثج	062b_062c.txt.gz	32	143
ثخ	062b_062e.txt.gz	42	182
ثد	062b_062f.txt.gz	60	219
ثر	062b_0631.txt.gz	558	1357
ثع	062b_0639.txt.gz	48	200
ثغ	062b_063a.txt.gz	60	221
ثف	062b_0641.txt.gz	71	226
ثق	062b_0642.txt.gz	480	1172
ثك	062b_0643.txt.gz	129	365
ثل	062b_0644.txt.gz	654	1557
ثم	062b_0645.txt.gz	531	1299
ثن	062b_0646.txt.gz	187	496
ثو	062b_0648.txt.gz	466	1154
ثي	062b_064a.txt.gz	48	185
ج	062c.txt.gz	1	40
جؤ	062c_0624.txt.gz	24	136
جئ	062c_0626.txt.gz	80	247
جا	062c_0627.txt.gz	4160	10312
جب	062c_0628.txt.gz	973	2347
جث	062c_062b.txt.gz	249	615
جح	062c_062d.txt.gz	303	804
جد	062c_062f.txt.gz	1035	2493
جذ	062c_0630.txt.gz	839	2013
جر	062c_0631.txt.gz	2362	5763
جز	062c_0632.txt.gz	1219	2988
جس	062c_0633.txt.gz	620	1484
جش	062c_0634.txt.gz	277	727
جص	062c_0635.txt.gz	155	418
جع	062c_0639.txt.gz	470	1164
جغ	062c_063a.txt.gz	15	108
جف	062c_0641.txt.gz	672	1644
جل	062c_0644.txt.gz	1397	3390
جم	062c_0645.txt.gz	1448	3568
جن	062c_0646.txt.gz	1235	2927
جه	062c_0647.txt.gz	835	2050
جو	062c_0648.txt.gz	1878	4653
جي	062c_064a.txt.gz	764	1988
ح	062d.txt.gz	1	40
حؤ	062d_0624.txt.gz	7	76
حا	062d_0627.txt.gz	5079	12491
حب	062d_0628.txt.gz	1376	3332
حت	062d_062a.txt.gz	251	631
حث	062d_062b.txt.gz	321	791
حج	062d_062c.txt.gz	910	2170
حد	062d_062f.txt.gz	1333	3244
حذ	062d_0630.txt.gz	716	1769
حر	062d_0631.txt.gz	2422	5914
حز	062d_0632.txt.gz	800	1922
حس	062d_0633.txt.gz	1442	3463
حش	062d_0634.txt.gz	1043	2540
حص	062d_0635.txt.gz	1435	3420
حض	062d_0636.txt.gz	512	1280
حط	062d_0637.txt.gz	526	1274
حظ	062d_0638.txt.gz	199	541
حف	062d_0641.txt.gz	1257	3080
حق	062d_0642.txt.gz	811	1968
حك	062d_0643.txt.gz	496	1189
حل	062d_0644.txt.gz	1680	4102
حم	062d_0645.txt.gz	1674	4114
حن	062d_0646.txt.gz	1276	3129
حه	062d_0647.txt.gz	5	62
حو	062d_0648.txt.gz	1955	4861
حي	062d_064a.txt.gz	1121	2749
خ	062e.txt.gz	1	40
خؤ	062e_0624.txt.gz	9	90
خا	062e_0627.txt.gz	3871	9356
خب	062e_0628.txt.gz	996	2458
خت	062e_062a.txt.gz	545	1308
خث	062e_062b.txt.gz	131	374
خج	062e_062c.txt.gz	155	434
خد	062e_062f.txt.gz	917	2177
خذ	062e_0630.txt.gz	406	987
خر	062e_0631.txt.gz	2337	5782
خز	062e_0632.txt.gz	961	2372
خس	062e_0633.txt.gz	656	1609
خش	062e_0634.txt.gz	1037	2455
خص	062e_0635.txt.gz	1106	2692
خض	062e_0636.txt.gz	695	1651
خط	062e_0637.txt.gz	1244	3017
خف	062e_0641.txt.gz	1010	2440
خل	062e_0644.txt.gz	1928	4730
خم	062e_0645.txt.gz	1082	2643
خن	062e_0646.txt.gz	972	2436
خه	062e_0647.txt.gz	5	62
خو	062e_0648.txt.gz	1576	3872
خي	062e_064a.txt.gz	891	2183
د	062f.txt.gz	1	40
دؤ	062f_0624.txt.gz	30	143
دئ	062f_0626.txt.gz	46	160
دا	062f_0627.txt.gz	4838	11698
دب	062f_0628.txt.gz	1318	3222
دث	062f_062b.txt.gz	142	399
دج	062f_062c.txt.gz	762	1829
دح	062f_062d.txt.gz	777	1936
دخ	062f_062e.txt.gz	425	1067
دد	062f_062f.txt.gz	8	72
در	062f_0631.txt.gz	1754	4323
دس	062f_0633.txt.gz	755	1803
دش	062f_0634.txt.gz	202	504
دص	062f_0635.txt.gz	8	72
دع	062f_0639.txt.gz	1223	2981
دغ	062f_063a.txt.gz	375	949
دف	062f_0641.txt.gz	1046	2575
دق	062f_0642.txt.gz	325	780
دك	062f_0643.txt.gz	469	1168
دل	062f_0644.txt.gz	1266	3146
دم	062f_0645.txt.gz	1640	3997
دن	062f_0646.txt.gz	649	1582
ده	062f_0647.txt.gz	1338	3225
دو	062f_0648.txt.gz	1850	4620
دي	062f_064a.txt.gz	980	2578
ذ	0630.txt.gz	1	40
ذؤ	0630_0624.txt.gz	50	202
ذئ	0630_0626.txt.gz	68	223
ذا	0630_0627.txt.gz	1247	3077
ذب	0630_0628.txt.gz	802	1929
ذح	0630_062d.txt.gz	109	299
ذخ	0630_062e.txt.gz	112	329
ذد	0630_062f.txt.gz	66	211
ذر	0630_0631.txt.gz	1231	2965
ذع	0630_0639.txt.gz	364	926
ذف	0630_0641.txt.gz	191	516
ذق	0630_0642.txt.gz	146	406
ذك	0630_0643.txt.gz	452	1091
ذل	0630_0644.txt.gz	363	932
ذم	0630_0645.txt.gz	488	1150
ذن	0630_0646.txt.gz	171	476
ذه	0630_0647.txt.gz	392	969
ذو	0630_0648.txt.gz	461	1145
ذي	0630_064a.txt.gz	246	635
ر	0631.txt.gz	1	40
رؤ	0631_0624.txt.gz	180	503
رئ	0631_0626.txt.gz	270	684
را	0631_0627.txt.gz	6244	15527
رب	0631_0628.txt.gz	2099	5138
رت	0631_062a.txt.gz	697	1676
رث	0631_062b.txt.gz	420	1046
رج	0631_062c.txt.gz	1586	3814
رح	0631_062d.txt.gz	714	1728
رخ	0631_062e.txt.gz	584	1446
رد	0631_062f.txt.gz	893	2164
رذ	0631_0630.txt.gz	191	527
رز	0631_0632.txt.gz	851	2068
رس	0631_0633.txt.gz	863	2117
رش	0631_0634.txt.gz	1077	2629
رص	0631_0635.txt.gz	789	1905
رض	0631_0636.txt.gz	937	2226
رط	0631_0637.txt.gz	485	1170
رع	0631_0639.txt.gz	1101	2641
رغ	0631_063a.txt.gz	827	2003
رف	0631_0641.txt.gz	1624	3973
رق	0631_0642.txt.gz	1603	3872
رك	0631_0643.txt.gz	1146	2756
رل	0631_0644.txt.gz	1	50
رم	0631_0645.txt.gz	1361	3321
رن	0631_0646.txt.gz	617	1479
ره	0631_0647.txt.gz	920	2248
رو	0631_0648.txt.gz	2286	5710
ري	0631_064a.txt.gz	940	2347
ز	0632.txt.gz	1	40
زؤ	0632_0624.txt.gz	55	209
زئ	0632_0626.txt.gz	51	191
زا	0632_0627.txt.gz	2191	5372
زب	0632_0628.txt.gz	1006	2423
زج	0632_062c.txt.gz	619	1486
زح	0632_062d.txt.gz	857	2075
زخ	0632_062e.txt.gz	288	750
زد	0632_062f.txt.gz	74	230
زر	0632_0631.txt.gz	1264	3062
زع	0632_0639.txt.gz	1108	2730
زغ	0632_063a.txt.gz	234	655
زف	0632_0641.txt.gz	481	1170
زق	0632_0642.txt.gz	615	1507
زك	0632_0643.txt.gz	352	856
زل	0632_0644.txt.gz	1150	2822
زم	0632_0645.txt.gz	1239	3048
زن	0632_0646.txt.gz	841	2090
زه	0632_0647.txt.gz	583	1398
زو	0632_0648.txt.gz	1017	2517
زي	0632_064a.txt.gz	1404	3321
س	0633.txt.gz	1	40
سؤ	0633_0624.txt.gz	156	440
سئ	0633_0626.txt.gz	180	469
سا	0633_0627.txt.gz	13780	36165
سب	0633_0628.txt.gz	1698	4157
ست	0633_062a.txt.gz	34118	83396
سج	0633_062c.txt.gz	912	2219
سح	0633_062d.txt.gz	983	2356
سخ	0633_062e.txt.gz	723	1755
سد	0633_062f.txt.gz	966	2298
سذ	0633_0630.txt.gz	41	172
سر	0633_0631.txt.gz	2059	5016
سز	0633_0632.txt.gz	2	60
سس	0633_0633.txt.gz	66	210
سط	0633_0637.txt.gz	667	1632
سع	0633_0639.txt.gz	651	1599
سغ	0633_063a.txt.gz	112	325
سف	0633_0641.txt.gz	1660	4007
سق	0633_0642.txt.gz	697	1703
سك	0633_0643.txt.gz	1031	2504
سل	0633_0644.txt.gz	2190	5289
سم	0633_0645.txt.gz	2177	5305
سن	0633_0646.txt.gz	8710	22839
سه	0633_0647.txt.gz	695	1690
سو	0633_0648.txt.gz	2558	6387
سي	0633_064a.txt.gz	29285	71397
ش	0634.txt.gz	1	40
شؤ	0634_0624.txt.gz	118	339
شئ	0634_0626.txt.gz	29	128
شا	0634_0627.txt.gz	5590	13576
شب	0634_0628.txt.gz	1103	2698
شت	0634_062a.txt.gz	510	1222
شج	0634_062c.txt.gz	732	1743
شح	0634_062d.txt.gz	764	1869
شخ	0634_062e.txt.gz	399	994
شد	0634_062f.txt.gz	501	1225
شذ	0634_0630.txt.gz	523	1252
شر	0634_0631.txt.gz	2215	5463
شز	0634_0632.txt.gz	113	328
شص	0634_0635.txt.gz	71	222
شط	0634_0637.txt.gz	564	1382
شظ	0634_0638.txt.gz	188	497
شع	0634_0639.txt.gz	1146	2751
شغ	0634_063a.txt.gz	502	1229
شف	0634_0641.txt.gz	873	2126
شق	0634_0642.txt.gz	515	1283
شك	0634_0643.txt.gz	787	1931
شل	0634_0644.txt.gz	518	1278
شم	0634_0645.txt.gz	1227	3026
شن	0634_0646.txt.gz	863	2148
شه	0634_0647.txt.gz	1035	2530
شو	0634_0648.txt.gz	1821	4536
شي	0634_064a.txt.gz	1377	3371
ص	0635.txt.gz	1	40
صا	0635_0627.txt.gz	3950	9488
صب	0635_0628.txt.gz	955	2333
صت	0635_062a.txt.gz	15	99
صح	0635_062d.txt.gz	690	1673
صخ	0635_062e.txt.gz	116	340
صد	0635_062f.txt.gz	1194	2903
صر	0635_0631.txt.gz	1228	3008
صط	0635_0637.txt.gz	1	52
صع	0635_0639.txt.gz	761	1811
صغ	0635_063a.txt.gz	334	855
صف	0635_0641.txt.gz	1260	3062
صق	0635_0642.txt.gz	416	1025
صك	0635_0643.txt.gz	122	341
صل	0635_0644.txt.gz	987	2406
صم	0635_0645.txt.gz	825	1965
صن	0635_0646.txt.gz	812	1989
صه	0635_0647.txt.gz	588	1481
صو	0635_0648.txt.gz	1646	3996
صي	0635_064a.txt.gz	783	1937
ض	0636.txt.gz	1	40
ضؤ	0636_0624.txt.gz	21	111
ضئ	0636_0626.txt.gz	30	140
ضا	0636_0627.txt.gz	2437	5782
ضب	0636_0628.txt.gz	515	1244
ضج	0636_062c.txt.gz	193	520
ضح	0636_062d.txt.gz	360	901
ضخ	0636_062e.txt.gz	158	424
ضد	0636_062f.txt.gz	136	362
ضر	0636_0631.txt.gz	1351	3250
ضع	0636_0639.txt.gz	362	888
ضغ	0636_063a.txt.gz	421	1034
ضف	0636_0641.txt.gz	332	839
ضق	0636_0642.txt.gz	8	72
ضل	0636_0644.txt.gz	433	1075
ضم	0636_0645.txt.gz	723	1774
ضن	0636_0646.txt.gz	211	561
ضه	0636_0647.txt.gz	31	150
ضو	0636_0648.txt.gz	569	1435
ضي	0636_064a.txt.gz	523	1286
ط	0637.txt.gz	1	40
طؤ	0637_0624.txt.gz	20	107
طئ	0637_0626.txt.gz	16	104
طا	0637_0627.txt.gz	2733	6641
طب	0637_0628.txt.gz	1067	2617
طح	0637_062d.txt.gz	409	1017
طد	0637_062f.txt.gz	53	182
طر	0637_0631.txt.gz	1377	3439
طس	0637_0633.txt.gz	87	265
طش	0637_0634.txt.gz	24	137
طع	0637_0639.txt.gz	250	635
طغ	0637_063a.txt.gz	86	294
طف	0637_0641.txt.gz	864	2128
طق	0637_0642.txt.gz	278	718
طل	0637_0644.txt.gz	1674	3996
طم	0637_0645.txt.gz	841	2061
طن	0637_0646.txt.gz	604	1463
طه	0637_0647.txt.gz	328	839
طو	0637_0648.txt.gz	1451	3619
طي	0637_064a.txt.gz	654	1593
ظ	0638.txt.gz	1	40
ظا	0638_0627.txt.gz	397	1002
ظب	0638_0628.txt.gz	83	260
ظر	0638_0631.txt.gz	319	796
ظع	0638_0639.txt.gz	24	132
ظف	0638_0641.txt.gz	181	477
ظل	0638_0644.txt.gz	620	1518
ظم	0638_0645.txt.gz	225	609
ظن	0638_0646.txt.gz	159	414
ظه	0638_0647.txt.gz	193	519
ظو	0638_0648.txt.gz	30	144
ع	0639.txt.gz	1	40
عا	0639_0627.txt.gz	6896	16570
عب	0639_0628.txt.gz	1430	3490
عت	0639_062a.txt.gz	896	2145
عث	0639_062b.txt.gz	271	709
عج	0639_062c.txt.gz	1208	2918
عد	0639_062f.txt.gz	997	2374
عذ	0639_0630.txt.gz	580	1409
عر	0639_0631.txt.gz	2216	5394
عز	0639_0632.txt.gz	1139	2748
عس	0639_0633.txt.gz	807	1975
عش	0639_0634.txt.gz	646	1598
عص	0639_0635.txt.gz	1012	2471
عض	0639_0636.txt.gz	434	1045
عط	0639_0637.txt.gz	1095	2621
عظ	0639_0638.txt.gz	354	897
عف	0639_0641.txt.gz	713	1693
عق	0639_0642.txt.gz	1354	3321
عك	0639_0643.txt.gz	568	1414
عل	0639_0644.txt.gz	1708	4104
عم	0639_0645.txt.gz	1334	3270
عن	0639_0646.txt.gz	1730	4178
عه	0639_0647.txt.gz	285	737
عو	0639_0648.txt.gz	2035	5031
عي	0639_064a.txt.gz	1069	2576
غ	063a.txt.gz	1	40
غا	063a_0627.txt.gz	2679	6524
غب	063a_0628.txt.gz	375	959
غث	063a_062b.txt.gz	242	615
غج	063a_062c.txt.gz	17	106
غد	063a_062f.txt.gz	485	1187
غذ	063a_0630.txt.gz	272	683
غر	063a_0631.txt.gz	1912	4660
غز	063a_0632.txt.gz	435	1063
غس	063a_0633.txt.gz	257	674
غش	063a_0634.txt.gz	560	1319
غص	063a_0635.txt.gz	293	700
غض	063a_0636.txt.gz	491	1213
غط	063a_0637.txt.gz	685	1675
غظ	063a_0638.txt.gz	68	222
غف	063a_0641.txt.gz	465	1130
غق	063a_0642.txt.gz	30	141
غل	063a_0644.txt.gz	1451	3575
غم	063a_0645.txt.gz	789	1955
غن	063a_0646.txt.gz	389	991
غو	063a_0648.txt.gz	662	1714
غي	063a_064a.txt.gz	883	2167
ف	0641.txt.gz	1	40
فؤ	0641_0624.txt.gz	29	150
فئ	0641_0626.txt.gz	109	319
فا	0641_0627.txt.gz	63268	153454
فب	0641_0628.txt.gz	4676	15191
فت	0641_062a.txt.gz	76551	191944
فث	0641_062b.txt.gz	505	1257
فج	0641_062c.txt.gz	2718	6707
فح	0641_062d.txt.gz	3623	8748
فخ	0641_062e.txt.gz	2770	6695
فد	0641_062f.txt.gz	3372	8161
فذ	0641_0630.txt.gz	1031	2467
فر	0641_0631.txt.gz	6754	16864
فز	0641_0632.txt.gz	2014	4956
فس	0641_0633.txt.gz	80407	207610
فش	0641_0634.txt.gz	3175	7796
فص	0641_0635.txt.gz	2862	6993
فض	0641_0636.txt.gz	1894	4625
فط	0641_0637.txt.gz	2098	5128
فظ	0641_0638.txt.gz	538	1295
فع	0641_0639.txt.gz	3709	9180
فغ	0641_063a.txt.gz	1545	3681
فف	0641_0641.txt.gz	2520	6132
فق	0641_0642.txt.gz	3911	9549
فك	0641_0643.txt.gz	4783	15393
فل	0641_0644.txt.gz	228639	582871
فم	0641_0645.txt.gz	2655	6806
فن	0641_0646.txt.gz	19655	47521
فه	0641_0647.txt.gz	2448	5926
فو	0641_0648.txt.gz	4585	11949
في	0641_064a.txt.gz	51244	125315
فک	0641_06a9.txt.gz	1	56
ق	0642.txt.gz	1	40
قؤ	0642_0624.txt.gz	6	67
قئ	0642_0626.txt.gz	66	210
قا	0642_0627.txt.gz	5316	12976
قب	0642_0628.txt.gz	1484	3618
قت	0642_062a.txt.gz	674	1613
قث	0642_062b.txt.gz	203	524
قح	0642_062d.txt.gz	653	1618
قد	0642_062f.txt.gz	970	2317
قذ	0642_0630.txt.gz	773	1844
قر	0642_0631.txt.gz	2826	6920
قز	0642_0632.txt.gz	286	714
قس	0642_0633.txt.gz	731	1798
قش	0642_0634.txt.gz	997	2394
قص	0642_0635.txt.gz	1336	3270
قض	0642_0636.txt.gz	638	1543
قط	0642_0637.txt.gz	1287	3058
قظ	0642_0638.txt.gz	8	72
قع	0642_0639.txt.gz	635	1566
قف	0642_0641.txt.gz	794	1908
قق	0642_0642.txt.gz	8	72
قل	0642_0644.txt.gz	1515	3637
قم	0642_0645.txt.gz	974	2393
قن	0642_0646.txt.gz	1257	3057
قه	0642_0647.txt.gz	184	503
قو	0642_0648.txt.gz	1953	4846
قي	0642_064a.txt.gz	1228	3032
ك	0643.txt.gz	1	40
كؤ	0643_0624.txt.gz	20	123
كئ	0643_0626.txt.gz	35	151
كا	0643_0627.txt.gz	4481	12007
كب	0643_0628.txt.gz	1621	4109
كت	0643_062a.txt.gz	919	2366
كث	0643_062b.txt.gz	637	1568
كج	0643_062c.txt.gz	89	389
كح	0643_062d.txt.gz	264	769
كخ	0643_062e.txt.gz	30	193
كد	0643_062f.txt.gz	787	2066
كذ	0643_0630.txt.gz	184	504
كر	0643_0631.txt.gz	2188	5553
كز	0643_0632.txt.gz	208	639
كس	0643_0633.txt.gz	1307	3343
كش	0643_0634.txt.gz	796	2127
كص	0643_0635.txt.gz	31	189
كض	0643_0636.txt.gz	9	104
كط	0643_0637.txt.gz	26	171
كظ	0643_0638.txt.gz	307	768
كع	0643_0639.txt.gz	260	787
كغ	0643_063a.txt.gz	42	233
كف	0643_0641.txt.gz	1144	2994
كق	0643_0642.txt.gz	37	228
كك	0643_0643.txt.gz	90	430
كل	0643_0644.txt.gz	1407	3594
كم	0643_0645.txt.gz	1487	4018
كن	0643_0646.txt.gz	997	2682
كه	0643_0647.txt.gz	403	1186
كو	0643_0648.txt.gz	1689	4546
كي	0643_064a.txt.gz	767	2051
كک	0643_06a9.txt.gz	1	56
ل	0644.txt.gz	1	40
لؤ	0644_0624.txt.gz	58	210
لئ	0644_0626.txt.gz	29	136
لا	0644_0627.txt.gz	42571	105199
لب	0644_0628.txt.gz	3348	8301
لت	0644_062a.txt.gz	74872	187005
لث	0644_062b.txt.gz	727	1770
لج	0644_062c.txt.gz	2568	6289
لح	0644_062d.txt.gz	3622	8731
لخ	0644_062e.txt.gz	2342	5498
لد	0644_062f.txt.gz	2666	6352
لذ	0644_0630.txt.gz	1006	2409
لر	0644_0631.txt.gz	3025	7097
لز	0644_0632.txt.gz	1925	4639
لس	0644_0633.txt.gz	2874	6930
لش	0644_0634.txt.gz	2436	5792
لص	0644_0635.txt.gz	1847	4384
لض	0644_0636.txt.gz	949	2196
لط	0644_0637.txt.gz	1976	4744
لظ	0644_0638.txt.gz	358	866
لع	0644_0639.txt.gz	3479	8498
لغ	0644_063a.txt.gz	1792	4255
لف	0644_0641.txt.gz	2967	7112
لق	0644_0642.txt.gz	3478	8327
لك	0644_0643.txt.gz	2259	5468
لل	0644_0644.txt.gz	2220	5752
لم	0644_0645.txt.gz	3113	8025
لن	0644_0646.txt.gz	18737	45014
له	0644_0647.txt.gz	2598	6234
لو	0644_0648.txt.gz	4566	11684
لي	0644_064a.txt.gz	51036	124707
لک	0644_06a9.txt.gz	1	56
م	0645.txt.gz	1	40
مؤ	0645_0624.txt.gz	974	2665
مئ	0645_0626.txt.gz	107	336
ما	0645_0627.txt.gz	5112	12954
مب	0645_0628.txt.gz	2549	6780
مت	0645_062a.txt.gz	19534	53336
مث	0645_062b.txt.gz	815	2107
مج	0645_062c.txt.gz	2927	7694
مح	0645_062d.txt.gz	4770	12444
مخ	0645_062e.txt.gz	2941	7741
مد	0645_062f.txt.gz	2474	6370
مذ	0645_0630.txt.gz	838	2127
مر	0645_0631.txt.gz	6253	16436
مز	0645_0632.txt.gz	1635	4203
مس	0645_0633.txt.gz	7942	21645
مش	0645_0634.txt.gz	3092	7988
مص	0645_0635.txt.gz	2413	6250
مض	0645_0636.txt.gz	1551	3935
مط	0645_0637.txt.gz	1868	4760
مظ	0645_0638.txt.gz	275	727
مع	0645_0639.txt.gz	4678	12320
مغ	0645_063a.txt.gz	2310	5931
مف	0645_0641.txt.gz	2363	6270
مق	0645_0642.txt.gz	3408	8923
مك	0645_0643.txt.gz	2646	6943
مل	0645_0644.txt.gz	3764	9766
مم	0645_0645.txt.gz	1808	4858
من	0645_0646.txt.gz	7553	19964
مه	0645_0647.txt.gz	2172	5541
مو	0645_0648.txt.gz	3706	9968
مي	0645_064a.txt.gz	1492	3904
ن	0646.txt.gz	1	40
نؤ	0646_0624.txt.gz	1367	3442
نئ	0646_0626.txt.gz	147	387
نا	0646_0627.txt.gz	9977	24986
نب	0646_0628.txt.gz	4950	12591
نت	0646_062a.txt.gz	12598	32187
نث	0646_062b.txt.gz	988	2433
نج	0646_062c.txt.gz	4996	12811
نح	0646_062d.txt.gz	5745	14823
نخ	0646_062e.txt.gz	4431	11176
ند	0646_062f.txt.gz	4427	11143
نذ	0646_0630.txt.gz	1387	3448
نر	0646_0631.txt.gz	5474	14180
نز	0646_0632.txt.gz	3629	9123
نس	0646_0633.txt.gz	11376	29446
نش	0646_0634.txt.gz	5137	13128
نص	0646_0635.txt.gz	3603	9184
نض	0646_0636.txt.gz	2673	6566
نط	0646_0637.txt.gz	2666	6738
نظ	0646_0638.txt.gz	797	1949
نع	0646_0639.txt.gz	5875	15021
نغ	0646_063a.txt.gz	2739	6901
نف	0646_0641.txt.gz	5228	13428
نق	0646_0642.txt.gz	6518	16800
نك	0646_0643.txt.gz	4747	12055
نل	0646_0644.txt.gz	3613	9145
نم	0646_0645.txt.gz	4597	11811
نن	0646_0646.txt.gz	7843	20848
نه	0646_0647.txt.gz	3848	9778
نو	0646_0648.txt.gz	5870	15557
ني	0646_064a.txt.gz	1256	3332
ه	0647.txt.gz	1	40
هؤ	0647_0624.txt.gz	9	90
هئ	0647_0626.txt.gz	8	72
ها	0647_0627.txt.gz	3207	8034
هب	0647_0628.txt.gz	949	2272
هت	0647_062a.txt.gz	583	1409
هث	0647_062b.txt.gz	66	209
هج	0647_062c.txt.gz	1338	3200
هد	0647_062f.txt.gz	1497	3610
هذ	0647_0630.txt.gz	223	593
هر	0647_0631.txt.gz	1639	4032
هز	0647_0632.txt.gz	1405	3422
هس	0647_0633.txt.gz	267	670
هش	0647_0634.txt.gz	440	1063
هص	0647_0635.txt.gz	165	443
هض	0647_0636.txt.gz	357	884
هط	0647_0637.txt.gz	132	369
هف	0647_0641.txt.gz	226	596
هك	0647_0643.txt.gz	18	119
هل	0647_0644.txt.gz	531	1337
هم	0647_0645.txt.gz	1258	3119
هن	0647_0646.txt.gz	777	1914
هه	0647_0647.txt.gz	3	59
هو	0647_0648.txt.gz	1381	3421
هي	0647_064a.txt.gz	1452	3746
و	0648.txt.gz	1	40
وؤ	0648_0624.txt.gz	9	84
وئ	0648_0626.txt.gz	96	280
وا	0648_0627.txt.gz	65380	158286
وب	0648_0628.txt.gz	5171	16490
وت	0648_062a.txt.gz	75821	189616
وث	0648_062b.txt.gz	1222	2984
وج	0648_062c.txt.gz	3432	8502
وح	0648_062d.txt.gz	3862	9501
وخ	0648_062e.txt.gz	2884	6906
ود	0648_062f.txt.gz	3602	8803
وذ	0648_0630.txt.gz	1206	2946
ور	0648_0631.txt.gz	5142	12639
وز	0648_0632.txt.gz	2172	5352
وس	0648_0633.txt.gz	80668	207596
وش	0648_0634.txt.gz	3667	8978
وص	0648_0635.txt.gz	2648	6437
وض	0648_0636.txt.gz	1679	4057
وط	0648_0637.txt.gz	1989	4790
وظ	0648_0638.txt.gz	486	1198
وع	0648_0639.txt.gz	4429	11059
وغ	0648_063a.txt.gz	1760	4221
وف	0648_0641.txt.gz	3045	7494
وق	0648_0642.txt.gz	3881	9396
وك	0648_0643.txt.gz	5076	16173
ول	0648_0644.txt.gz	228407	581829
وم	0648_0645.txt.gz	2784	7172
ون	0648_0646.txt.gz	19377	46629
وه	0648_0647.txt.gz	2798	6803
وو	0648_0648.txt.gz	3410	8931
وي	0648_064a.txt.gz	50538	123317
وک	0648_06a9.txt.gz	1	56
ى	0649.txt.gz	1	40
ي	064a.txt.gz	1	40
يؤ	064a_0624.txt.gz	3979	9566
يئ	064a_0626.txt.gz	495	1154
يا	064a_0627.txt.gz	3494	8609
يب	064a_0628.txt.gz	10138	24419
يت	064a_062a.txt.gz	36859	90189
يث	064a_062b.txt.gz	2129	5075
يج	064a_062c.txt.gz	10559	25683
يح	064a_062d.txt.gz	14634	35284
يخ	064a_062e.txt.gz	11496	27952
يد	064a_062f.txt.gz	10397	25005
يذ	064a_0630.txt.gz	3603	8586
ير	064a_0631.txt.gz	16142	39164
يز	064a_0632.txt.gz	7377	17643
يس	064a_0633.txt.gz	29844	72143
يش	064a_0634.txt.gz	11525	27745
يص	064a_0635.txt.gz	8069	19497
يض	064a_0636.txt.gz	4615	11021
يط	064a_0637.txt.gz	5624	13601
يظ	064a_0638.txt.gz	987	2264
يع	064a_0639.txt.gz	14952	36151
يغ	064a_063a.txt.gz	6859	16376
يف	064a_0641.txt.gz	10577	25624
يق	064a_0642.txt.gz	13623	32963
يك	064a_0643.txt.gz	9470	22934
يل	064a_0644.txt.gz	10760	25869
يم	064a_0645.txt.gz	11249	27447
ين	064a_0646.txt.gz	24187	59245
يه	064a_0647.txt.gz	8414	20176
يو	064a_0648.txt.gz	11208	28010
يي	064a_064a.txt.gz	956	2262
کر	06a9_0631.txt.gz	1	54
